<?xml version="1.0" encoding="utf-8"?>
<SimulationConfig xmlns:i="http://www.w3.org/2001/XMLSchema-instance" xmlns="http://schemas.datacontract.org/2004/07/Triton">
	<IterationId>b015ff75-fec3-48c5-b3f7-eacfe94ed0f2</IterationId>
	<BaselineAceFileName></BaselineAceFileName>
	<DisablePml>false</DisablePml>
	<ForceSimDuration>-1</ForceSimDuration>
	<ListenerSamplingGridSpacing>1.5</ListenerSamplingGridSpacing>
	<MaterialCodeToPressureReflDict xmlns:d2p1="http://schemas.microsoft.com/2003/10/Serialization/Arrays">
		<d2p1:KeyValueOflongfloat>
			<d2p1:Key>0</d2p1:Key>
			<d2p1:Value>1</d2p1:Value>
		</d2p1:KeyValueOflongfloat>
		<d2p1:KeyValueOflongfloat>
			<d2p1:Key>1</d2p1:Key>
			<d2p1:Value>0</d2p1:Value>
		</d2p1:KeyValueOflongfloat>
		<d2p1:KeyValueOflongfloat>
			<d2p1:Key>2</d2p1:Key>
			<d2p1:Value>0.94868326187133789</d2p1:Value>
		</d2p1:KeyValueOflongfloat>
		<d2p1:KeyValueOflongfloat>
			<d2p1:Key>3</d2p1:Key>
			<d2p1:Value>0.89442718029022217</d2p1:Value>
		</d2p1:KeyValueOflongfloat>
		<d2p1:KeyValueOflongfloat>
			<d2p1:Key>4</d2p1:Key>
			<d2p1:Value>0.97979587316513062</d2p1:Value>
		</d2p1:KeyValueOflongfloat>
		<d2p1:KeyValueOflongfloat>
			<d2p1:Key>5</d2p1:Key>
			<d2p1:Value>0.80622577667236328</d2p1:Value>
		</d2p1:KeyValueOflongfloat>
		<d2p1:KeyValueOflongfloat>
			<d2p1:Key>6</d2p1:Key>
			<d2p1:Value>0.9219544529914856</d2p1:Value>
		</d2p1:KeyValueOflongfloat>
		<d2p1:KeyValueOflongfloat>
			<d2p1:Key>7</d2p1:Key>
			<d2p1:Value>0.9219544529914856</d2p1:Value>
		</d2p1:KeyValueOflongfloat>
		<d2p1:KeyValueOflongfloat>
			<d2p1:Key>8</d2p1:Key>
			<d2p1:Value>0.97979587316513062</d2p1:Value>
		</d2p1:KeyValueOflongfloat>
		<d2p1:KeyValueOflongfloat>
			<d2p1:Key>9</d2p1:Key>
			<d2p1:Value>0.98994952440261841</d2p1:Value>
		</d2p1:KeyValueOflongfloat>
		<d2p1:KeyValueOflongfloat>
			<d2p1:Key>10</d2p1:Key>
			<d2p1:Value>0.98994952440261841</d2p1:Value>
		</d2p1:KeyValueOflongfloat>
		<d2p1:KeyValueOflongfloat>
			<d2p1:Key>11</d2p1:Key>
			<d2p1:Value>0.98994952440261841</d2p1:Value>
		</d2p1:KeyValueOflongfloat>
		<d2p1:KeyValueOflongfloat>
			<d2p1:Key>12</d2p1:Key>
			<d2p1:Value>0.9695359468460083</d2p1:Value>
		</d2p1:KeyValueOflongfloat>
		<d2p1:KeyValueOflongfloat>
			<d2p1:Key>13</d2p1:Key>
			<d2p1:Value>0.9695359468460083</d2p1:Value>
		</d2p1:KeyValueOflongfloat>
		<d2p1:KeyValueOflongfloat>
			<d2p1:Key>14</d2p1:Key>
			<d2p1:Value>0.97979587316513062</d2p1:Value>
		</d2p1:KeyValueOflongfloat>
		<d2p1:KeyValueOflongfloat>
			<d2p1:Key>15</d2p1:Key>
			<d2p1:Value>0.97979587316513062</d2p1:Value>
		</d2p1:KeyValueOflongfloat>
		<d2p1:KeyValueOflongfloat>
			<d2p1:Key>16</d2p1:Key>
			<d2p1:Value>0.97979587316513062</d2p1:Value>
		</d2p1:KeyValueOflongfloat>
		<d2p1:KeyValueOflongfloat>
			<d2p1:Key>17</d2p1:Key>
			<d2p1:Value>0.97979587316513062</d2p1:Value>
		</d2p1:KeyValueOflongfloat>
		<d2p1:KeyValueOflongfloat>
			<d2p1:Key>18</d2p1:Key>
			<d2p1:Value>0.97979587316513062</d2p1:Value>
		</d2p1:KeyValueOflongfloat>
		<d2p1:KeyValueOflongfloat>
			<d2p1:Key>19</d2p1:Key>
			<d2p1:Value>0.97979587316513062</d2p1:Value>
		</d2p1:KeyValueOflongfloat>
		<d2p1:KeyValueOflongfloat>
			<d2p1:Key>20</d2p1:Key>
			<d2p1:Value>0.97979587316513062</d2p1:Value>
		</d2p1:KeyValueOflongfloat>
		<d2p1:KeyValueOflongfloat>
			<d2p1:Key>21</d2p1:Key>
			<d2p1:Value>0.97979587316513062</d2p1:Value>
		</d2p1:KeyValueOflongfloat>
		<d2p1:KeyValueOflongfloat>
			<d2p1:Key>22</d2p1:Key>
			<d2p1:Value>0.9695359468460083</d2p1:Value>
		</d2p1:KeyValueOflongfloat>
		<d2p1:KeyValueOflongfloat>
			<d2p1:Key>23</d2p1:Key>
			<d2p1:Value>0.93808317184448242</d2p1:Value>
		</d2p1:KeyValueOflongfloat>
		<d2p1:KeyValueOflongfloat>
			<d2p1:Key>24</d2p1:Key>
			<d2p1:Value>0.93808317184448242</d2p1:Value>
		</d2p1:KeyValueOflongfloat>
		<d2p1:KeyValueOflongfloat>
			<d2p1:Key>25</d2p1:Key>
			<d2p1:Value>0.9695359468460083</d2p1:Value>
		</d2p1:KeyValueOflongfloat>
		<d2p1:KeyValueOflongfloat>
			<d2p1:Key>26</d2p1:Key>
			<d2p1:Value>0.94868326187133789</d2p1:Value>
		</d2p1:KeyValueOflongfloat>
		<d2p1:KeyValueOflongfloat>
			<d2p1:Key>27</d2p1:Key>
			<d2p1:Value>0.94868326187133789</d2p1:Value>
		</d2p1:KeyValueOflongfloat>
		<d2p1:KeyValueOflongfloat>
			<d2p1:Key>28</d2p1:Key>
			<d2p1:Value>0.94868326187133789</d2p1:Value>
		</d2p1:KeyValueOflongfloat>
		<d2p1:KeyValueOflongfloat>
			<d2p1:Key>29</d2p1:Key>
			<d2p1:Value>0.94868326187133789</d2p1:Value>
		</d2p1:KeyValueOflongfloat>
		<d2p1:KeyValueOflongfloat>
			<d2p1:Key>30</d2p1:Key>
			<d2p1:Value>0.94868326187133789</d2p1:Value>
		</d2p1:KeyValueOflongfloat>
		<d2p1:KeyValueOflongfloat>
			<d2p1:Key>31</d2p1:Key>
			<d2p1:Value>0.94868326187133789</d2p1:Value>
		</d2p1:KeyValueOflongfloat>
		<d2p1:KeyValueOflongfloat>
			<d2p1:Key>32</d2p1:Key>
			<d2p1:Value>0.94868326187133789</d2p1:Value>
		</d2p1:KeyValueOflongfloat>
		<d2p1:KeyValueOflongfloat>
			<d2p1:Key>33</d2p1:Key>
			<d2p1:Value>0.94868326187133789</d2p1:Value>
		</d2p1:KeyValueOflongfloat>
		<d2p1:KeyValueOflongfloat>
			<d2p1:Key>34</d2p1:Key>
			<d2p1:Value>0.94868326187133789</d2p1:Value>
		</d2p1:KeyValueOflongfloat>
		<d2p1:KeyValueOflongfloat>
			<d2p1:Key>35</d2p1:Key>
			<d2p1:Value>0.94868326187133789</d2p1:Value>
		</d2p1:KeyValueOflongfloat>
		<d2p1:KeyValueOflongfloat>
			<d2p1:Key>36</d2p1:Key>
			<d2p1:Value>0.94868326187133789</d2p1:Value>
		</d2p1:KeyValueOflongfloat>
		<d2p1:KeyValueOflongfloat>
			<d2p1:Key>37</d2p1:Key>
			<d2p1:Value>0.94868326187133789</d2p1:Value>
		</d2p1:KeyValueOflongfloat>
		<d2p1:KeyValueOflongfloat>
			<d2p1:Key>38</d2p1:Key>
			<d2p1:Value>0.94868326187133789</d2p1:Value>
		</d2p1:KeyValueOflongfloat>
		<d2p1:KeyValueOflongfloat>
			<d2p1:Key>39</d2p1:Key>
			<d2p1:Value>0.9848858118057251</d2p1:Value>
		</d2p1:KeyValueOflongfloat>
		<d2p1:KeyValueOflongfloat>
			<d2p1:Key>40</d2p1:Key>
			<d2p1:Value>0.9848858118057251</d2p1:Value>
		</d2p1:KeyValueOflongfloat>
		<d2p1:KeyValueOflongfloat>
			<d2p1:Key>41</d2p1:Key>
			<d2p1:Value>0.9848858118057251</d2p1:Value>
		</d2p1:KeyValueOflongfloat>
		<d2p1:KeyValueOflongfloat>
			<d2p1:Key>42</d2p1:Key>
			<d2p1:Value>0.9848858118057251</d2p1:Value>
		</d2p1:KeyValueOflongfloat>
		<d2p1:KeyValueOflongfloat>
			<d2p1:Key>43</d2p1:Key>
			<d2p1:Value>0.9848858118057251</d2p1:Value>
		</d2p1:KeyValueOflongfloat>
		<d2p1:KeyValueOflongfloat>
			<d2p1:Key>44</d2p1:Key>
			<d2p1:Value>0.9848858118057251</d2p1:Value>
		</d2p1:KeyValueOflongfloat>
		<d2p1:KeyValueOflongfloat>
			<d2p1:Key>45</d2p1:Key>
			<d2p1:Value>0.9219544529914856</d2p1:Value>
		</d2p1:KeyValueOflongfloat>
		<d2p1:KeyValueOflongfloat>
			<d2p1:Key>46</d2p1:Key>
			<d2p1:Value>0.9219544529914856</d2p1:Value>
		</d2p1:KeyValueOflongfloat>
		<d2p1:KeyValueOflongfloat>
			<d2p1:Key>47</d2p1:Key>
			<d2p1:Value>0.9219544529914856</d2p1:Value>
		</d2p1:KeyValueOflongfloat>
		<d2p1:KeyValueOflongfloat>
			<d2p1:Key>48</d2p1:Key>
			<d2p1:Value>0.96436506509780884</d2p1:Value>
		</d2p1:KeyValueOflongfloat>
		<d2p1:KeyValueOflongfloat>
			<d2p1:Key>49</d2p1:Key>
			<d2p1:Value>0.96436506509780884</d2p1:Value>
		</d2p1:KeyValueOflongfloat>
		<d2p1:KeyValueOflongfloat>
			<d2p1:Key>50</d2p1:Key>
			<d2p1:Value>0.96436506509780884</d2p1:Value>
		</d2p1:KeyValueOflongfloat>
		<d2p1:KeyValueOflongfloat>
			<d2p1:Key>51</d2p1:Key>
			<d2p1:Value>0.96436506509780884</d2p1:Value>
		</d2p1:KeyValueOflongfloat>
		<d2p1:KeyValueOflongfloat>
			<d2p1:Key>9223372036854775796</d2p1:Key>
			<d2p1:Value>1</d2p1:Value>
		</d2p1:KeyValueOflongfloat>
		<d2p1:KeyValueOflongfloat>
			<d2p1:Key>9223372036854775797</d2p1:Key>
			<d2p1:Value>1</d2p1:Value>
		</d2p1:KeyValueOflongfloat>
		<d2p1:KeyValueOflongfloat>
			<d2p1:Key>9223372036854775798</d2p1:Key>
			<d2p1:Value>1</d2p1:Value>
		</d2p1:KeyValueOflongfloat>
		<d2p1:KeyValueOflongfloat>
			<d2p1:Key>9223372036854775799</d2p1:Key>
			<d2p1:Value>1</d2p1:Value>
		</d2p1:KeyValueOflongfloat>
		<d2p1:KeyValueOflongfloat>
			<d2p1:Key>9223372036854775800</d2p1:Key>
			<d2p1:Value>1</d2p1:Value>
		</d2p1:KeyValueOflongfloat>
		<d2p1:KeyValueOflongfloat>
			<d2p1:Key>9223372036854775801</d2p1:Key>
			<d2p1:Value>1</d2p1:Value>
		</d2p1:KeyValueOflongfloat>
		<d2p1:KeyValueOflongfloat>
			<d2p1:Key>9223372036854775802</d2p1:Key>
			<d2p1:Value>1</d2p1:Value>
		</d2p1:KeyValueOflongfloat>
		<d2p1:KeyValueOflongfloat>
			<d2p1:Key>9223372036854775803</d2p1:Key>
			<d2p1:Value>1</d2p1:Value>
		</d2p1:KeyValueOflongfloat>
		<d2p1:KeyValueOflongfloat>
			<d2p1:Key>9223372036854775804</d2p1:Key>
			<d2p1:Value>1</d2p1:Value>
		</d2p1:KeyValueOflongfloat>
		<d2p1:KeyValueOflongfloat>
			<d2p1:Key>9223372036854775805</d2p1:Key>
			<d2p1:Value>1</d2p1:Value>
		</d2p1:KeyValueOflongfloat>
		<d2p1:KeyValueOflongfloat>
			<d2p1:Key>9223372036854775806</d2p1:Key>
			<d2p1:Value>1</d2p1:Value>
		</d2p1:KeyValueOflongfloat>
		<d2p1:KeyValueOflongfloat>
			<d2p1:Key>9223372036854775807</d2p1:Key>
			<d2p1:Value>1</d2p1:Value>
		</d2p1:KeyValueOflongfloat>
	</MaterialCodeToPressureReflDict>
	<MaterialFileName></MaterialFileName>
	<MaxFrequency>250</MaxFrequency>
	<MeshFileName></MeshFileName>
	<NumProbes>595</NumProbes>
	<OutputFilePrefix>Acoustics_SampleScene</OutputFilePrefix>
	<ProbeGridSpacingHorizontalMax>3.5</ProbeGridSpacingHorizontalMax>
	<ProbeGridSpacingHorizontalMin>0.5</ProbeGridSpacingHorizontalMin>
	<ProbeGridSpacingVertical>1</ProbeGridSpacingVertical>
	<ProbeList size="dynamic">
		<value0>
			<i>14</i>
			<j>39</j>
			<k>2</k>
		</value0>
		<value1>
			<i>15</i>
			<j>43</j>
			<k>2</k>
		</value1>
		<value2>
			<i>17</i>
			<j>50</j>
			<k>2</k>
		</value2>
		<value3>
			<i>19</i>
			<j>54</j>
			<k>2</k>
		</value3>
		<value4>
			<i>24</i>
			<j>38</j>
			<k>2</k>
		</value4>
		<value5>
			<i>25</i>
			<j>51</j>
			<k>2</k>
		</value5>
		<value6>
			<i>30</i>
			<j>46</j>
			<k>2</k>
		</value6>
		<value7>
			<i>31</i>
			<j>52</j>
			<k>2</k>
		</value7>
		<value8>
			<i>31</i>
			<j>60</j>
			<k>2</k>
		</value8>
		<value9>
			<i>31</i>
			<j>66</j>
			<k>2</k>
		</value9>
		<value10>
			<i>32</i>
			<j>73</j>
			<k>2</k>
		</value10>
		<value11>
			<i>37</i>
			<j>37</j>
			<k>2</k>
		</value11>
		<value12>
			<i>38</i>
			<j>45</j>
			<k>2</k>
		</value12>
		<value13>
			<i>38</i>
			<j>73</j>
			<k>2</k>
		</value13>
		<value14>
			<i>45</i>
			<j>26</j>
			<k>2</k>
		</value14>
		<value15>
			<i>43</i>
			<j>30</j>
			<k>2</k>
		</value15>
		<value16>
			<i>46</i>
			<j>29</j>
			<k>2</k>
		</value16>
		<value17>
			<i>47</i>
			<j>32</j>
			<k>2</k>
		</value17>
		<value18>
			<i>44</i>
			<j>35</j>
			<k>2</k>
		</value18>
		<value19>
			<i>46</i>
			<j>43</j>
			<k>2</k>
		</value19>
		<value20>
			<i>48</i>
			<j>47</j>
			<k>2</k>
		</value20>
		<value21>
			<i>45</i>
			<j>59</j>
			<k>2</k>
		</value21>
		<value22>
			<i>45</i>
			<j>66</j>
			<k>2</k>
		</value22>
		<value23>
			<i>46</i>
			<j>73</j>
			<k>2</k>
		</value23>
		<value24>
			<i>49</i>
			<j>37</j>
			<k>2</k>
		</value24>
		<value25>
			<i>52</i>
			<j>46</j>
			<k>2</k>
		</value25>
		<value26>
			<i>52</i>
			<j>52</j>
			<k>2</k>
		</value26>
		<value27>
			<i>53</i>
			<j>59</j>
			<k>2</k>
		</value27>
		<value28>
			<i>58</i>
			<j>66</j>
			<k>2</k>
		</value28>
		<value29>
			<i>29</i>
			<j>31</j>
			<k>8</k>
		</value29>
		<value30>
			<i>40</i>
			<j>26</j>
			<k>8</k>
		</value30>
		<value31>
			<i>40</i>
			<j>29</j>
			<k>8</k>
		</value31>
		<value32>
			<i>44</i>
			<j>24</j>
			<k>8</k>
		</value32>
		<value33>
			<i>3</i>
			<j>17</j>
			<k>10</k>
		</value33>
		<value34>
			<i>4</i>
			<j>24</j>
			<k>10</k>
		</value34>
		<value35>
			<i>10</i>
			<j>17</j>
			<k>10</k>
		</value35>
		<value36>
			<i>10</i>
			<j>24</j>
			<k>10</k>
		</value36>
		<value37>
			<i>10</i>
			<j>31</j>
			<k>10</k>
		</value37>
		<value38>
			<i>10</i>
			<j>38</j>
			<k>10</k>
		</value38>
		<value39>
			<i>11</i>
			<j>45</j>
			<k>10</k>
		</value39>
		<value40>
			<i>17</i>
			<j>11</j>
			<k>10</k>
		</value40>
		<value41>
			<i>17</i>
			<j>17</j>
			<k>10</k>
		</value41>
		<value42>
			<i>17</i>
			<j>24</j>
			<k>10</k>
		</value42>
		<value43>
			<i>17</i>
			<j>33</j>
			<k>10</k>
		</value43>
		<value44>
			<i>20</i>
			<j>32</j>
			<k>10</k>
		</value44>
		<value45>
			<i>19</i>
			<j>39</j>
			<k>10</k>
		</value45>
		<value46>
			<i>20</i>
			<j>36</j>
			<k>10</k>
		</value46>
		<value47>
			<i>18</i>
			<j>47</j>
			<k>10</k>
		</value47>
		<value48>
			<i>15</i>
			<j>52</j>
			<k>10</k>
		</value48>
		<value49>
			<i>17</i>
			<j>59</j>
			<k>10</k>
		</value49>
		<value50>
			<i>24</i>
			<j>10</j>
			<k>10</k>
		</value50>
		<value51>
			<i>24</i>
			<j>17</j>
			<k>10</k>
		</value51>
		<value52>
			<i>24</i>
			<j>24</j>
			<k>10</k>
		</value52>
		<value53>
			<i>26</i>
			<j>33</j>
			<k>10</k>
		</value53>
		<value54>
			<i>26</i>
			<j>36</j>
			<k>10</k>
		</value54>
		<value55>
			<i>21</i>
			<j>43</j>
			<k>10</k>
		</value55>
		<value56>
			<i>25</i>
			<j>42</j>
			<k>10</k>
		</value56>
		<value57>
			<i>25</i>
			<j>52</j>
			<k>10</k>
		</value57>
		<value58>
			<i>23</i>
			<j>61</j>
			<k>10</k>
		</value58>
		<value59>
			<i>23</i>
			<j>66</j>
			<k>10</k>
		</value59>
		<value60>
			<i>24</i>
			<j>73</j>
			<k>10</k>
		</value60>
		<value61>
			<i>26</i>
			<j>70</j>
			<k>10</k>
		</value61>
		<value62>
			<i>25</i>
			<j>80</j>
			<k>10</k>
		</value62>
		<value63>
			<i>31</i>
			<j>10</j>
			<k>10</k>
		</value63>
		<value64>
			<i>31</i>
			<j>17</j>
			<k>10</k>
		</value64>
		<value65>
			<i>31</i>
			<j>24</j>
			<k>10</k>
		</value65>
		<value66>
			<i>34</i>
			<j>27</j>
			<k>10</k>
		</value66>
		<value67>
			<i>29</i>
			<j>31</j>
			<k>10</k>
		</value67>
		<value68>
			<i>31</i>
			<j>28</j>
			<k>10</k>
		</value68>
		<value69>
			<i>29</i>
			<j>39</j>
			<k>10</k>
		</value69>
		<value70>
			<i>34</i>
			<j>43</j>
			<k>10</k>
		</value70>
		<value71>
			<i>31</i>
			<j>52</j>
			<k>10</k>
		</value71>
		<value72>
			<i>31</i>
			<j>59</j>
			<k>10</k>
		</value72>
		<value73>
			<i>31</i>
			<j>66</j>
			<k>10</k>
		</value73>
		<value74>
			<i>28</i>
			<j>75</j>
			<k>10</k>
		</value74>
		<value75>
			<i>32</i>
			<j>73</j>
			<k>10</k>
		</value75>
		<value76>
			<i>30</i>
			<j>81</j>
			<k>10</k>
		</value76>
		<value77>
			<i>33</i>
			<j>83</j>
			<k>10</k>
		</value77>
		<value78>
			<i>31</i>
			<j>87</j>
			<k>10</k>
		</value78>
		<value79>
			<i>38</i>
			<j>3</j>
			<k>10</k>
		</value79>
		<value80>
			<i>38</i>
			<j>10</j>
			<k>10</k>
		</value80>
		<value81>
			<i>38</i>
			<j>17</j>
			<k>10</k>
		</value81>
		<value82>
			<i>37</i>
			<j>26</j>
			<k>10</k>
		</value82>
		<value83>
			<i>40</i>
			<j>26</j>
			<k>10</k>
		</value83>
		<value84>
			<i>36</i>
			<j>30</j>
			<k>10</k>
		</value84>
		<value85>
			<i>37</i>
			<j>37</j>
			<k>10</k>
		</value85>
		<value86>
			<i>40</i>
			<j>43</j>
			<k>10</k>
		</value86>
		<value87>
			<i>38</i>
			<j>52</j>
			<k>10</k>
		</value87>
		<value88>
			<i>38</i>
			<j>59</j>
			<k>10</k>
		</value88>
		<value89>
			<i>38</i>
			<j>66</j>
			<k>10</k>
		</value89>
		<value90>
			<i>38</i>
			<j>73</j>
			<k>10</k>
		</value90>
		<value91>
			<i>38</i>
			<j>85</j>
			<k>10</k>
		</value91>
		<value92>
			<i>45</i>
			<j>27</j>
			<k>10</k>
		</value92>
		<value93>
			<i>46</i>
			<j>23</j>
			<k>10</k>
		</value93>
		<value94>
			<i>43</i>
			<j>30</j>
			<k>10</k>
		</value94>
		<value95>
			<i>47</i>
			<j>33</j>
			<k>10</k>
		</value95>
		<value96>
			<i>47</i>
			<j>44</j>
			<k>10</k>
		</value96>
		<value97>
			<i>44</i>
			<j>52</j>
			<k>10</k>
		</value97>
		<value98>
			<i>45</i>
			<j>59</j>
			<k>10</k>
		</value98>
		<value99>
			<i>45</i>
			<j>67</j>
			<k>10</k>
		</value99>
		<value100>
			<i>45</i>
			<j>73</j>
			<k>10</k>
		</value100>
		<value101>
			<i>47</i>
			<j>78</j>
			<k>10</k>
		</value101>
		<value102>
			<i>51</i>
			<j>31</j>
			<k>10</k>
		</value102>
		<value103>
			<i>49</i>
			<j>39</j>
			<k>10</k>
		</value103>
		<value104>
			<i>52</i>
			<j>38</j>
			<k>10</k>
		</value104>
		<value105>
			<i>54</i>
			<j>45</j>
			<k>10</k>
		</value105>
		<value106>
			<i>52</i>
			<j>54</j>
			<k>10</k>
		</value106>
		<value107>
			<i>52</i>
			<j>69</j>
			<k>10</k>
		</value107>
		<value108>
			<i>53</i>
			<j>64</j>
			<k>10</k>
		</value108>
		<value109>
			<i>52</i>
			<j>79</j>
			<k>10</k>
		</value109>
		<value110>
			<i>59</i>
			<j>58</j>
			<k>10</k>
		</value110>
		<value111>
			<i>58</i>
			<j>72</j>
			<k>10</k>
		</value111>
		<value112>
			<i>65</i>
			<j>66</j>
			<k>10</k>
		</value112>
		<value113>
			<i>66</i>
			<j>73</j>
			<k>10</k>
		</value113>
		<value114>
			<i>19</i>
			<j>49</j>
			<k>12</k>
		</value114>
		<value115>
			<i>23</i>
			<j>37</j>
			<k>12</k>
		</value115>
		<value116>
			<i>26</i>
			<j>37</j>
			<k>12</k>
		</value116>
		<value117>
			<i>25</i>
			<j>43</j>
			<k>12</k>
		</value117>
		<value118>
			<i>21</i>
			<j>50</j>
			<k>12</k>
		</value118>
		<value119>
			<i>23</i>
			<j>56</j>
			<k>12</k>
		</value119>
		<value120>
			<i>24</i>
			<j>63</j>
			<k>12</k>
		</value120>
		<value121>
			<i>27</i>
			<j>67</j>
			<k>12</k>
		</value121>
		<value122>
			<i>29</i>
			<j>73</j>
			<k>12</k>
		</value122>
		<value123>
			<i>30</i>
			<j>80</j>
			<k>12</k>
		</value123>
		<value124>
			<i>35</i>
			<j>27</j>
			<k>12</k>
		</value124>
		<value125>
			<i>43</i>
			<j>29</j>
			<k>12</k>
		</value125>
		<value126>
			<i>49</i>
			<j>32</j>
			<k>12</k>
		</value126>
		<value127>
			<i>51</i>
			<j>39</j>
			<k>12</k>
		</value127>
		<value128>
			<i>53</i>
			<j>45</j>
			<k>12</k>
		</value128>
		<value129>
			<i>52</i>
			<j>76</j>
			<k>12</k>
		</value129>
		<value130>
			<i>56</i>
			<j>61</j>
			<k>12</k>
		</value130>
		<value131>
			<i>19</i>
			<j>38</j>
			<k>14</k>
		</value131>
		<value132>
			<i>20</i>
			<j>44</j>
			<k>14</k>
		</value132>
		<value133>
			<i>23</i>
			<j>37</j>
			<k>14</k>
		</value133>
		<value134>
			<i>31</i>
			<j>34</j>
			<k>14</k>
		</value134>
		<value135>
			<i>43</i>
			<j>24</j>
			<k>14</k>
		</value135>
		<value136>
			<i>45</i>
			<j>28</j>
			<k>14</k>
		</value136>
		<value137>
			<i>57</i>
			<j>64</j>
			<k>14</k>
		</value137>
		<value138>
			<i>20</i>
			<j>35</j>
			<k>16</k>
		</value138>
		<value139>
			<i>43</i>
			<j>24</j>
			<k>16</k>
		</value139>
		<value140>
			<i>55</i>
			<j>70</j>
			<k>16</k>
		</value140>
		<value141>
			<i>58</i>
			<j>68</j>
			<k>16</k>
		</value141>
		<value142>
			<i>14</i>
			<j>35</j>
			<k>18</k>
		</value142>
		<value143>
			<i>15</i>
			<j>38</j>
			<k>18</k>
		</value143>
		<value144>
			<i>20</i>
			<j>52</j>
			<k>18</k>
		</value144>
		<value145>
			<i>26</i>
			<j>30</j>
			<k>18</k>
		</value145>
		<value146>
			<i>26</i>
			<j>33</j>
			<k>18</k>
		</value146>
		<value147>
			<i>26</i>
			<j>36</j>
			<k>18</k>
		</value147>
		<value148>
			<i>21</i>
			<j>43</j>
			<k>18</k>
		</value148>
		<value149>
			<i>25</i>
			<j>44</j>
			<k>18</k>
		</value149>
		<value150>
			<i>21</i>
			<j>55</j>
			<k>18</k>
		</value150>
		<value151>
			<i>23</i>
			<j>49</j>
			<k>18</k>
		</value151>
		<value152>
			<i>27</i>
			<j>72</j>
			<k>18</k>
		</value152>
		<value153>
			<i>29</i>
			<j>29</j>
			<k>18</k>
		</value153>
		<value154>
			<i>33</i>
			<j>38</j>
			<k>18</k>
		</value154>
		<value155>
			<i>32</i>
			<j>45</j>
			<k>18</k>
		</value155>
		<value156>
			<i>29</i>
			<j>52</j>
			<k>18</k>
		</value156>
		<value157>
			<i>31</i>
			<j>58</j>
			<k>18</k>
		</value157>
		<value158>
			<i>29</i>
			<j>64</j>
			<k>18</k>
		</value158>
		<value159>
			<i>31</i>
			<j>71</j>
			<k>18</k>
		</value159>
		<value160>
			<i>32</i>
			<j>74</j>
			<k>18</k>
		</value160>
		<value161>
			<i>38</i>
			<j>31</j>
			<k>18</k>
		</value161>
		<value162>
			<i>38</i>
			<j>45</j>
			<k>18</k>
		</value162>
		<value163>
			<i>36</i>
			<j>59</j>
			<k>18</k>
		</value163>
		<value164>
			<i>40</i>
			<j>57</j>
			<k>18</k>
		</value164>
		<value165>
			<i>36</i>
			<j>65</j>
			<k>18</k>
		</value165>
		<value166>
			<i>36</i>
			<j>68</j>
			<k>18</k>
		</value166>
		<value167>
			<i>39</i>
			<j>64</j>
			<k>18</k>
		</value167>
		<value168>
			<i>40</i>
			<j>74</j>
			<k>18</k>
		</value168>
		<value169>
			<i>38</i>
			<j>81</j>
			<k>18</k>
		</value169>
		<value170>
			<i>41</i>
			<j>80</j>
			<k>18</k>
		</value170>
		<value171>
			<i>44</i>
			<j>25</j>
			<k>18</k>
		</value171>
		<value172>
			<i>45</i>
			<j>28</j>
			<k>18</k>
		</value172>
		<value173>
			<i>44</i>
			<j>38</j>
			<k>18</k>
		</value173>
		<value174>
			<i>47</i>
			<j>47</j>
			<k>18</k>
		</value174>
		<value175>
			<i>44</i>
			<j>50</j>
			<k>18</k>
		</value175>
		<value176>
			<i>45</i>
			<j>54</j>
			<k>18</k>
		</value176>
		<value177>
			<i>46</i>
			<j>61</j>
			<k>18</k>
		</value177>
		<value178>
			<i>47</i>
			<j>64</j>
			<k>18</k>
		</value178>
		<value179>
			<i>46</i>
			<j>72</j>
			<k>18</k>
		</value179>
		<value180>
			<i>50</i>
			<j>42</j>
			<k>18</k>
		</value180>
		<value181>
			<i>51</i>
			<j>45</j>
			<k>18</k>
		</value181>
		<value182>
			<i>50</i>
			<j>60</j>
			<k>18</k>
		</value182>
		<value183>
			<i>54</i>
			<j>65</j>
			<k>18</k>
		</value183>
		<value184>
			<i>55</i>
			<j>75</j>
			<k>18</k>
		</value184>
		<value185>
			<i>56</i>
			<j>58</j>
			<k>18</k>
		</value185>
		<value186>
			<i>14</i>
			<j>35</j>
			<k>20</k>
		</value186>
		<value187>
			<i>15</i>
			<j>38</j>
			<k>20</k>
		</value187>
		<value188>
			<i>20</i>
			<j>52</j>
			<k>20</k>
		</value188>
		<value189>
			<i>26</i>
			<j>30</j>
			<k>20</k>
		</value189>
		<value190>
			<i>26</i>
			<j>33</j>
			<k>20</k>
		</value190>
		<value191>
			<i>23</i>
			<j>37</j>
			<k>20</k>
		</value191>
		<value192>
			<i>26</i>
			<j>36</j>
			<k>20</k>
		</value192>
		<value193>
			<i>21</i>
			<j>44</j>
			<k>20</k>
		</value193>
		<value194>
			<i>25</i>
			<j>44</j>
			<k>20</k>
		</value194>
		<value195>
			<i>21</i>
			<j>55</j>
			<k>20</k>
		</value195>
		<value196>
			<i>25</i>
			<j>52</j>
			<k>20</k>
		</value196>
		<value197>
			<i>27</i>
			<j>72</j>
			<k>20</k>
		</value197>
		<value198>
			<i>29</i>
			<j>29</j>
			<k>20</k>
		</value198>
		<value199>
			<i>33</i>
			<j>38</j>
			<k>20</k>
		</value199>
		<value200>
			<i>31</i>
			<j>51</j>
			<k>20</k>
		</value200>
		<value201>
			<i>31</i>
			<j>58</j>
			<k>20</k>
		</value201>
		<value202>
			<i>29</i>
			<j>65</j>
			<k>20</k>
		</value202>
		<value203>
			<i>32</i>
			<j>69</j>
			<k>20</k>
		</value203>
		<value204>
			<i>31</i>
			<j>73</j>
			<k>20</k>
		</value204>
		<value205>
			<i>33</i>
			<j>78</j>
			<k>20</k>
		</value205>
		<value206>
			<i>38</i>
			<j>31</j>
			<k>20</k>
		</value206>
		<value207>
			<i>38</i>
			<j>45</j>
			<k>20</k>
		</value207>
		<value208>
			<i>36</i>
			<j>59</j>
			<k>20</k>
		</value208>
		<value209>
			<i>40</i>
			<j>58</j>
			<k>20</k>
		</value209>
		<value210>
			<i>36</i>
			<j>65</j>
			<k>20</k>
		</value210>
		<value211>
			<i>36</i>
			<j>68</j>
			<k>20</k>
		</value211>
		<value212>
			<i>39</i>
			<j>64</j>
			<k>20</k>
		</value212>
		<value213>
			<i>40</i>
			<j>74</j>
			<k>20</k>
		</value213>
		<value214>
			<i>38</i>
			<j>81</j>
			<k>20</k>
		</value214>
		<value215>
			<i>41</i>
			<j>80</j>
			<k>20</k>
		</value215>
		<value216>
			<i>44</i>
			<j>25</j>
			<k>20</k>
		</value216>
		<value217>
			<i>45</i>
			<j>28</j>
			<k>20</k>
		</value217>
		<value218>
			<i>44</i>
			<j>38</j>
			<k>20</k>
		</value218>
		<value219>
			<i>45</i>
			<j>52</j>
			<k>20</k>
		</value219>
		<value220>
			<i>46</i>
			<j>59</j>
			<k>20</k>
		</value220>
		<value221>
			<i>47</i>
			<j>64</j>
			<k>20</k>
		</value221>
		<value222>
			<i>46</i>
			<j>72</j>
			<k>20</k>
		</value222>
		<value223>
			<i>50</i>
			<j>42</j>
			<k>20</k>
		</value223>
		<value224>
			<i>50</i>
			<j>46</j>
			<k>20</k>
		</value224>
		<value225>
			<i>52</i>
			<j>59</j>
			<k>20</k>
		</value225>
		<value226>
			<i>55</i>
			<j>75</j>
			<k>20</k>
		</value226>
		<value227>
			<i>19</i>
			<j>39</j>
			<k>22</k>
		</value227>
		<value228>
			<i>20</i>
			<j>36</j>
			<k>22</k>
		</value228>
		<value229>
			<i>31</i>
			<j>34</j>
			<k>22</k>
		</value229>
		<value230>
			<i>51</i>
			<j>46</j>
			<k>22</k>
		</value230>
		<value231>
			<i>51</i>
			<j>58</j>
			<k>22</k>
		</value231>
		<value232>
			<i>57</i>
			<j>64</j>
			<k>22</k>
		</value232>
		<value233>
			<i>20</i>
			<j>35</j>
			<k>24</k>
		</value233>
		<value234>
			<i>54</i>
			<j>67</j>
			<k>24</k>
		</value234>
		<value235>
			<i>55</i>
			<j>70</j>
			<k>24</k>
		</value235>
		<value236>
			<i>56</i>
			<j>65</j>
			<k>24</k>
		</value236>
		<value237>
			<i>26</i>
			<j>33</j>
			<k>26</k>
		</value237>
		<value238>
			<i>26</i>
			<j>36</j>
			<k>26</k>
		</value238>
		<value239>
			<i>21</i>
			<j>43</j>
			<k>26</k>
		</value239>
		<value240>
			<i>25</i>
			<j>44</j>
			<k>26</k>
		</value240>
		<value241>
			<i>24</i>
			<j>51</j>
			<k>26</k>
		</value241>
		<value242>
			<i>26</i>
			<j>58</j>
			<k>26</k>
		</value242>
		<value243>
			<i>30</i>
			<j>38</j>
			<k>26</k>
		</value243>
		<value244>
			<i>30</i>
			<j>46</j>
			<k>26</k>
		</value244>
		<value245>
			<i>31</i>
			<j>52</j>
			<k>26</k>
		</value245>
		<value246>
			<i>33</i>
			<j>57</j>
			<k>26</k>
		</value246>
		<value247>
			<i>33</i>
			<j>61</j>
			<k>26</k>
		</value247>
		<value248>
			<i>29</i>
			<j>65</j>
			<k>26</k>
		</value248>
		<value249>
			<i>32</i>
			<j>72</j>
			<k>26</k>
		</value249>
		<value250>
			<i>33</i>
			<j>78</j>
			<k>26</k>
		</value250>
		<value251>
			<i>38</i>
			<j>31</j>
			<k>26</k>
		</value251>
		<value252>
			<i>39</i>
			<j>41</j>
			<k>26</k>
		</value252>
		<value253>
			<i>37</i>
			<j>45</j>
			<k>26</k>
		</value253>
		<value254>
			<i>39</i>
			<j>58</j>
			<k>26</k>
		</value254>
		<value255>
			<i>35</i>
			<j>64</j>
			<k>26</k>
		</value255>
		<value256>
			<i>40</i>
			<j>75</j>
			<k>26</k>
		</value256>
		<value257>
			<i>45</i>
			<j>43</j>
			<k>26</k>
		</value257>
		<value258>
			<i>44</i>
			<j>50</j>
			<k>26</k>
		</value258>
		<value259>
			<i>46</i>
			<j>61</j>
			<k>26</k>
		</value259>
		<value260>
			<i>43</i>
			<j>66</j>
			<k>26</k>
		</value260>
		<value261>
			<i>49</i>
			<j>47</j>
			<k>26</k>
		</value261>
		<value262>
			<i>50</i>
			<j>60</j>
			<k>26</k>
		</value262>
		<value263>
			<i>52</i>
			<j>56</j>
			<k>26</k>
		</value263>
		<value264>
			<i>54</i>
			<j>59</j>
			<k>26</k>
		</value264>
		<value265>
			<i>50</i>
			<j>66</j>
			<k>26</k>
		</value265>
		<value266>
			<i>53</i>
			<j>64</j>
			<k>26</k>
		</value266>
		<value267>
			<i>50</i>
			<j>72</j>
			<k>26</k>
		</value267>
		<value268>
			<i>19</i>
			<j>49</j>
			<k>28</k>
		</value268>
		<value269>
			<i>23</i>
			<j>37</j>
			<k>28</k>
		</value269>
		<value270>
			<i>21</i>
			<j>45</j>
			<k>28</k>
		</value270>
		<value271>
			<i>23</i>
			<j>51</j>
			<k>28</k>
		</value271>
		<value272>
			<i>25</i>
			<j>57</j>
			<k>28</k>
		</value272>
		<value273>
			<i>24</i>
			<j>63</j>
			<k>28</k>
		</value273>
		<value274>
			<i>27</i>
			<j>63</j>
			<k>28</k>
		</value274>
		<value275>
			<i>30</i>
			<j>47</j>
			<k>28</k>
		</value275>
		<value276>
			<i>34</i>
			<j>47</j>
			<k>28</k>
		</value276>
		<value277>
			<i>30</i>
			<j>50</j>
			<k>28</k>
		</value277>
		<value278>
			<i>30</i>
			<j>55</j>
			<k>28</k>
		</value278>
		<value279>
			<i>31</i>
			<j>58</j>
			<k>28</k>
		</value279>
		<value280>
			<i>28</i>
			<j>66</j>
			<k>28</k>
		</value280>
		<value281>
			<i>31</i>
			<j>74</j>
			<k>28</k>
		</value281>
		<value282>
			<i>30</i>
			<j>80</j>
			<k>28</k>
		</value282>
		<value283>
			<i>32</i>
			<j>79</j>
			<k>28</k>
		</value283>
		<value284>
			<i>35</i>
			<j>27</j>
			<k>28</k>
		</value284>
		<value285>
			<i>39</i>
			<j>27</j>
			<k>28</k>
		</value285>
		<value286>
			<i>37</i>
			<j>28</j>
			<k>28</k>
		</value286>
		<value287>
			<i>41</i>
			<j>42</j>
			<k>28</k>
		</value287>
		<value288>
			<i>40</i>
			<j>54</j>
			<k>28</k>
		</value288>
		<value289>
			<i>36</i>
			<j>61</j>
			<k>28</k>
		</value289>
		<value290>
			<i>38</i>
			<j>60</j>
			<k>28</k>
		</value290>
		<value291>
			<i>35</i>
			<j>66</j>
			<k>28</k>
		</value291>
		<value292>
			<i>38</i>
			<j>71</j>
			<k>28</k>
		</value292>
		<value293>
			<i>41</i>
			<j>78</j>
			<k>28</k>
		</value293>
		<value294>
			<i>44</i>
			<j>33</j>
			<k>28</k>
		</value294>
		<value295>
			<i>46</i>
			<j>51</j>
			<k>28</k>
		</value295>
		<value296>
			<i>44</i>
			<j>75</j>
			<k>28</k>
		</value296>
		<value297>
			<i>51</i>
			<j>46</j>
			<k>28</k>
		</value297>
		<value298>
			<i>51</i>
			<j>58</j>
			<k>28</k>
		</value298>
		<value299>
			<i>52</i>
			<j>76</j>
			<k>28</k>
		</value299>
		<value300>
			<i>19</i>
			<j>39</j>
			<k>30</k>
		</value300>
		<value301>
			<i>20</i>
			<j>36</j>
			<k>30</k>
		</value301>
		<value302>
			<i>31</i>
			<j>34</j>
			<k>30</k>
		</value302>
		<value303>
			<i>44</i>
			<j>34</j>
			<k>30</k>
		</value303>
		<value304>
			<i>55</i>
			<j>70</j>
			<k>30</k>
		</value304>
		<value305>
			<i>57</i>
			<j>65</j>
			<k>30</k>
		</value305>
		<value306>
			<i>21</i>
			<j>43</j>
			<k>32</k>
		</value306>
		<value307>
			<i>25</i>
			<j>44</j>
			<k>32</k>
		</value307>
		<value308>
			<i>24</i>
			<j>51</j>
			<k>32</k>
		</value308>
		<value309>
			<i>28</i>
			<j>35</j>
			<k>32</k>
		</value309>
		<value310>
			<i>30</i>
			<j>39</j>
			<k>32</k>
		</value310>
		<value311>
			<i>32</i>
			<j>47</j>
			<k>32</k>
		</value311>
		<value312>
			<i>33</i>
			<j>42</j>
			<k>32</k>
		</value312>
		<value313>
			<i>31</i>
			<j>58</j>
			<k>32</k>
		</value313>
		<value314>
			<i>32</i>
			<j>66</j>
			<k>32</k>
		</value314>
		<value315>
			<i>30</i>
			<j>73</j>
			<k>32</k>
		</value315>
		<value316>
			<i>32</i>
			<j>79</j>
			<k>32</k>
		</value316>
		<value317>
			<i>39</i>
			<j>33</j>
			<k>32</k>
		</value317>
		<value318>
			<i>35</i>
			<j>37</j>
			<k>32</k>
		</value318>
		<value319>
			<i>39</i>
			<j>45</j>
			<k>32</k>
		</value319>
		<value320>
			<i>38</i>
			<j>53</j>
			<k>32</k>
		</value320>
		<value321>
			<i>36</i>
			<j>60</j>
			<k>32</k>
		</value321>
		<value322>
			<i>38</i>
			<j>59</j>
			<k>32</k>
		</value322>
		<value323>
			<i>36</i>
			<j>78</j>
			<k>32</k>
		</value323>
		<value324>
			<i>40</i>
			<j>77</j>
			<k>32</k>
		</value324>
		<value325>
			<i>43</i>
			<j>38</j>
			<k>32</k>
		</value325>
		<value326>
			<i>45</i>
			<j>43</j>
			<k>32</k>
		</value326>
		<value327>
			<i>43</i>
			<j>51</j>
			<k>32</k>
		</value327>
		<value328>
			<i>47</i>
			<j>49</j>
			<k>32</k>
		</value328>
		<value329>
			<i>43</i>
			<j>66</j>
			<k>32</k>
		</value329>
		<value330>
			<i>47</i>
			<j>67</j>
			<k>32</k>
		</value330>
		<value331>
			<i>43</i>
			<j>73</j>
			<k>32</k>
		</value331>
		<value332>
			<i>52</i>
			<j>56</j>
			<k>32</k>
		</value332>
		<value333>
			<i>52</i>
			<j>60</j>
			<k>32</k>
		</value333>
		<value334>
			<i>50</i>
			<j>72</j>
			<k>32</k>
		</value334>
		<value335>
			<i>55</i>
			<j>70</j>
			<k>32</k>
		</value335>
		<value336>
			<i>56</i>
			<j>58</j>
			<k>32</k>
		</value336>
		<value337>
			<i>57</i>
			<j>66</j>
			<k>32</k>
		</value337>
		<value338>
			<i>19</i>
			<j>49</j>
			<k>34</k>
		</value338>
		<value339>
			<i>26</i>
			<j>33</j>
			<k>34</k>
		</value339>
		<value340>
			<i>23</i>
			<j>37</j>
			<k>34</k>
		</value340>
		<value341>
			<i>26</i>
			<j>36</j>
			<k>34</k>
		</value341>
		<value342>
			<i>21</i>
			<j>44</j>
			<k>34</k>
		</value342>
		<value343>
			<i>25</i>
			<j>44</j>
			<k>34</k>
		</value343>
		<value344>
			<i>23</i>
			<j>50</j>
			<k>34</k>
		</value344>
		<value345>
			<i>25</i>
			<j>54</j>
			<k>34</k>
		</value345>
		<value346>
			<i>24</i>
			<j>63</j>
			<k>34</k>
		</value346>
		<value347>
			<i>33</i>
			<j>38</j>
			<k>34</k>
		</value347>
		<value348>
			<i>31</i>
			<j>46</j>
			<k>34</k>
		</value348>
		<value349>
			<i>31</i>
			<j>53</j>
			<k>34</k>
		</value349>
		<value350>
			<i>30</i>
			<j>59</j>
			<k>34</k>
		</value350>
		<value351>
			<i>31</i>
			<j>66</j>
			<k>34</k>
		</value351>
		<value352>
			<i>30</i>
			<j>80</j>
			<k>34</k>
		</value352>
		<value353>
			<i>33</i>
			<j>78</j>
			<k>34</k>
		</value353>
		<value354>
			<i>35</i>
			<j>27</j>
			<k>34</k>
		</value354>
		<value355>
			<i>38</i>
			<j>31</j>
			<k>34</k>
		</value355>
		<value356>
			<i>37</i>
			<j>45</j>
			<k>34</k>
		</value356>
		<value357>
			<i>37</i>
			<j>51</j>
			<k>34</k>
		</value357>
		<value358>
			<i>39</i>
			<j>58</j>
			<k>34</k>
		</value358>
		<value359>
			<i>40</i>
			<j>77</j>
			<k>34</k>
		</value359>
		<value360>
			<i>44</i>
			<j>43</j>
			<k>34</k>
		</value360>
		<value361>
			<i>45</i>
			<j>50</j>
			<k>34</k>
		</value361>
		<value362>
			<i>46</i>
			<j>60</j>
			<k>34</k>
		</value362>
		<value363>
			<i>43</i>
			<j>65</j>
			<k>34</k>
		</value363>
		<value364>
			<i>47</i>
			<j>67</j>
			<k>34</k>
		</value364>
		<value365>
			<i>43</i>
			<j>73</j>
			<k>34</k>
		</value365>
		<value366>
			<i>50</i>
			<j>47</j>
			<k>34</k>
		</value366>
		<value367>
			<i>52</i>
			<j>59</j>
			<k>34</k>
		</value367>
		<value368>
			<i>53</i>
			<j>64</j>
			<k>34</k>
		</value368>
		<value369>
			<i>50</i>
			<j>72</j>
			<k>34</k>
		</value369>
		<value370>
			<i>52</i>
			<j>76</j>
			<k>34</k>
		</value370>
		<value371>
			<i>19</i>
			<j>38</j>
			<k>36</k>
		</value371>
		<value372>
			<i>23</i>
			<j>37</j>
			<k>36</k>
		</value372>
		<value373>
			<i>31</i>
			<j>34</j>
			<k>36</k>
		</value373>
		<value374>
			<i>46</i>
			<j>51</j>
			<k>36</k>
		</value374>
		<value375>
			<i>51</i>
			<j>46</j>
			<k>36</k>
		</value375>
		<value376>
			<i>51</i>
			<j>58</j>
			<k>36</k>
		</value376>
		<value377>
			<i>19</i>
			<j>39</j>
			<k>38</k>
		</value377>
		<value378>
			<i>20</i>
			<j>36</j>
			<k>38</k>
		</value378>
		<value379>
			<i>55</i>
			<j>70</j>
			<k>38</k>
		</value379>
		<value380>
			<i>57</i>
			<j>64</j>
			<k>38</k>
		</value380>
		<value381>
			<i>58</i>
			<j>68</j>
			<k>38</k>
		</value381>
		<value382>
			<i>26</i>
			<j>33</j>
			<k>40</k>
		</value382>
		<value383>
			<i>26</i>
			<j>36</j>
			<k>40</k>
		</value383>
		<value384>
			<i>21</i>
			<j>43</j>
			<k>40</k>
		</value384>
		<value385>
			<i>27</i>
			<j>44</j>
			<k>40</k>
		</value385>
		<value386>
			<i>24</i>
			<j>50</j>
			<k>40</k>
		</value386>
		<value387>
			<i>30</i>
			<j>38</j>
			<k>40</k>
		</value387>
		<value388>
			<i>31</i>
			<j>52</j>
			<k>40</k>
		</value388>
		<value389>
			<i>31</i>
			<j>59</j>
			<k>40</k>
		</value389>
		<value390>
			<i>31</i>
			<j>66</j>
			<k>40</k>
		</value390>
		<value391>
			<i>32</i>
			<j>73</j>
			<k>40</k>
		</value391>
		<value392>
			<i>38</i>
			<j>31</j>
			<k>40</k>
		</value392>
		<value393>
			<i>39</i>
			<j>41</j>
			<k>40</k>
		</value393>
		<value394>
			<i>37</i>
			<j>45</j>
			<k>40</k>
		</value394>
		<value395>
			<i>39</i>
			<j>55</j>
			<k>40</k>
		</value395>
		<value396>
			<i>38</i>
			<j>60</j>
			<k>40</k>
		</value396>
		<value397>
			<i>40</i>
			<j>75</j>
			<k>40</k>
		</value397>
		<value398>
			<i>45</i>
			<j>43</j>
			<k>40</k>
		</value398>
		<value399>
			<i>47</i>
			<j>47</j>
			<k>40</k>
		</value399>
		<value400>
			<i>44</i>
			<j>50</j>
			<k>40</k>
		</value400>
		<value401>
			<i>46</i>
			<j>61</j>
			<k>40</k>
		</value401>
		<value402>
			<i>44</i>
			<j>66</j>
			<k>40</k>
		</value402>
		<value403>
			<i>50</i>
			<j>60</j>
			<k>40</k>
		</value403>
		<value404>
			<i>52</i>
			<j>56</j>
			<k>40</k>
		</value404>
		<value405>
			<i>54</i>
			<j>59</j>
			<k>40</k>
		</value405>
		<value406>
			<i>50</i>
			<j>66</j>
			<k>40</k>
		</value406>
		<value407>
			<i>54</i>
			<j>65</j>
			<k>40</k>
		</value407>
		<value408>
			<i>54</i>
			<j>68</j>
			<k>40</k>
		</value408>
		<value409>
			<i>50</i>
			<j>72</j>
			<k>40</k>
		</value409>
		<value410>
			<i>58</i>
			<j>67</j>
			<k>40</k>
		</value410>
		<value411>
			<i>19</i>
			<j>49</j>
			<k>42</k>
		</value411>
		<value412>
			<i>23</i>
			<j>37</j>
			<k>42</k>
		</value412>
		<value413>
			<i>21</i>
			<j>45</j>
			<k>42</k>
		</value413>
		<value414>
			<i>21</i>
			<j>50</j>
			<k>42</k>
		</value414>
		<value415>
			<i>23</i>
			<j>56</j>
			<k>42</k>
		</value415>
		<value416>
			<i>24</i>
			<j>63</j>
			<k>42</k>
		</value416>
		<value417>
			<i>27</i>
			<j>67</j>
			<k>42</k>
		</value417>
		<value418>
			<i>28</i>
			<j>47</j>
			<k>42</k>
		</value418>
		<value419>
			<i>29</i>
			<j>73</j>
			<k>42</k>
		</value419>
		<value420>
			<i>30</i>
			<j>80</j>
			<k>42</k>
		</value420>
		<value421>
			<i>31</i>
			<j>78</j>
			<k>42</k>
		</value421>
		<value422>
			<i>35</i>
			<j>27</j>
			<k>42</k>
		</value422>
		<value423>
			<i>39</i>
			<j>27</j>
			<k>42</k>
		</value423>
		<value424>
			<i>37</i>
			<j>28</j>
			<k>42</k>
		</value424>
		<value425>
			<i>41</i>
			<j>42</j>
			<k>42</k>
		</value425>
		<value426>
			<i>40</i>
			<j>54</j>
			<k>42</k>
		</value426>
		<value427>
			<i>41</i>
			<j>78</j>
			<k>42</k>
		</value427>
		<value428>
			<i>46</i>
			<j>51</j>
			<k>42</k>
		</value428>
		<value429>
			<i>51</i>
			<j>46</j>
			<k>42</k>
		</value429>
		<value430>
			<i>51</i>
			<j>58</j>
			<k>42</k>
		</value430>
		<value431>
			<i>53</i>
			<j>63</j>
			<k>42</k>
		</value431>
		<value432>
			<i>52</i>
			<j>76</j>
			<k>42</k>
		</value432>
		<value433>
			<i>19</i>
			<j>39</j>
			<k>44</k>
		</value433>
		<value434>
			<i>20</i>
			<j>36</j>
			<k>44</k>
		</value434>
		<value435>
			<i>31</i>
			<j>34</j>
			<k>44</k>
		</value435>
		<value436>
			<i>51</i>
			<j>46</j>
			<k>44</k>
		</value436>
		<value437>
			<i>53</i>
			<j>57</j>
			<k>44</k>
		</value437>
		<value438>
			<i>57</i>
			<j>64</j>
			<k>44</k>
		</value438>
		<value439>
			<i>20</i>
			<j>35</j>
			<k>46</k>
		</value439>
		<value440>
			<i>35</i>
			<j>75</j>
			<k>46</k>
		</value440>
		<value441>
			<i>36</i>
			<j>78</j>
			<k>46</k>
		</value441>
		<value442>
			<i>40</i>
			<j>77</j>
			<k>46</k>
		</value442>
		<value443>
			<i>43</i>
			<j>51</j>
			<k>46</k>
		</value443>
		<value444>
			<i>47</i>
			<j>49</j>
			<k>46</k>
		</value444>
		<value445>
			<i>45</i>
			<j>74</j>
			<k>46</k>
		</value445>
		<value446>
			<i>50</i>
			<j>66</j>
			<k>46</k>
		</value446>
		<value447>
			<i>50</i>
			<j>71</j>
			<k>46</k>
		</value447>
		<value448>
			<i>55</i>
			<j>70</j>
			<k>46</k>
		</value448>
		<value449>
			<i>57</i>
			<j>66</j>
			<k>46</k>
		</value449>
		<value450>
			<i>26</i>
			<j>33</j>
			<k>48</k>
		</value450>
		<value451>
			<i>23</i>
			<j>37</j>
			<k>48</k>
		</value451>
		<value452>
			<i>26</i>
			<j>36</j>
			<k>48</k>
		</value452>
		<value453>
			<i>21</i>
			<j>43</j>
			<k>48</k>
		</value453>
		<value454>
			<i>25</i>
			<j>44</j>
			<k>48</k>
		</value454>
		<value455>
			<i>25</i>
			<j>52</j>
			<k>48</k>
		</value455>
		<value456>
			<i>30</i>
			<j>39</j>
			<k>48</k>
		</value456>
		<value457>
			<i>34</i>
			<j>41</j>
			<k>48</k>
		</value457>
		<value458>
			<i>34</i>
			<j>43</j>
			<k>48</k>
		</value458>
		<value459>
			<i>31</i>
			<j>52</j>
			<k>48</k>
		</value459>
		<value460>
			<i>31</i>
			<j>59</j>
			<k>48</k>
		</value460>
		<value461>
			<i>31</i>
			<j>66</j>
			<k>48</k>
		</value461>
		<value462>
			<i>38</i>
			<j>37</j>
			<k>48</k>
		</value462>
		<value463>
			<i>38</i>
			<j>59</j>
			<k>48</k>
		</value463>
		<value464>
			<i>38</i>
			<j>66</j>
			<k>48</k>
		</value464>
		<value465>
			<i>35</i>
			<j>75</j>
			<k>48</k>
		</value465>
		<value466>
			<i>36</i>
			<j>78</j>
			<k>48</k>
		</value466>
		<value467>
			<i>40</i>
			<j>77</j>
			<k>48</k>
		</value467>
		<value468>
			<i>47</i>
			<j>47</j>
			<k>48</k>
		</value468>
		<value469>
			<i>44</i>
			<j>50</j>
			<k>48</k>
		</value469>
		<value470>
			<i>44</i>
			<j>57</j>
			<k>48</k>
		</value470>
		<value471>
			<i>46</i>
			<j>61</j>
			<k>48</k>
		</value471>
		<value472>
			<i>47</i>
			<j>66</j>
			<k>48</k>
		</value472>
		<value473>
			<i>45</i>
			<j>74</j>
			<k>48</k>
		</value473>
		<value474>
			<i>53</i>
			<j>59</j>
			<k>48</k>
		</value474>
		<value475>
			<i>54</i>
			<j>65</j>
			<k>48</k>
		</value475>
		<value476>
			<i>50</i>
			<j>71</j>
			<k>48</k>
		</value476>
		<value477>
			<i>56</i>
			<j>54</j>
			<k>48</k>
		</value477>
		<value478>
			<i>20</i>
			<j>38</j>
			<k>50</k>
		</value478>
		<value479>
			<i>23</i>
			<j>37</j>
			<k>50</k>
		</value479>
		<value480>
			<i>22</i>
			<j>44</j>
			<k>50</k>
		</value480>
		<value481>
			<i>25</i>
			<j>48</j>
			<k>50</k>
		</value481>
		<value482>
			<i>27</i>
			<j>64</j>
			<k>50</k>
		</value482>
		<value483>
			<i>44</i>
			<j>31</j>
			<k>50</k>
		</value483>
		<value484>
			<i>46</i>
			<j>39</j>
			<k>50</k>
		</value484>
		<value485>
			<i>51</i>
			<j>58</j>
			<k>50</k>
		</value485>
		<value486>
			<i>19</i>
			<j>39</j>
			<k>52</k>
		</value486>
		<value487>
			<i>20</i>
			<j>36</j>
			<k>52</k>
		</value487>
		<value488>
			<i>31</i>
			<j>34</j>
			<k>52</k>
		</value488>
		<value489>
			<i>18</i>
			<j>39</j>
			<k>54</k>
		</value489>
		<value490>
			<i>24</i>
			<j>38</j>
			<k>54</k>
		</value490>
		<value491>
			<i>31</i>
			<j>38</j>
			<k>54</k>
		</value491>
		<value492>
			<i>38</i>
			<j>31</j>
			<k>54</k>
		</value492>
		<value493>
			<i>36</i>
			<j>78</j>
			<k>54</k>
		</value493>
		<value494>
			<i>44</i>
			<j>38</j>
			<k>54</k>
		</value494>
		<value495>
			<i>45</i>
			<j>45</j>
			<k>54</k>
		</value495>
		<value496>
			<i>43</i>
			<j>56</j>
			<k>54</k>
		</value496>
		<value497>
			<i>45</i>
			<j>60</j>
			<k>54</k>
		</value497>
		<value498>
			<i>43</i>
			<j>74</j>
			<k>54</k>
		</value498>
		<value499>
			<i>50</i>
			<j>74</j>
			<k>54</k>
		</value499>
		<value500>
			<i>19</i>
			<j>49</j>
			<k>56</k>
		</value500>
		<value501>
			<i>24</i>
			<j>38</j>
			<k>56</k>
		</value501>
		<value502>
			<i>22</i>
			<j>56</j>
			<k>56</k>
		</value502>
		<value503>
			<i>23</i>
			<j>60</j>
			<k>56</k>
		</value503>
		<value504>
			<i>24</i>
			<j>63</j>
			<k>56</k>
		</value504>
		<value505>
			<i>25</i>
			<j>66</j>
			<k>56</k>
		</value505>
		<value506>
			<i>31</i>
			<j>38</j>
			<k>56</k>
		</value506>
		<value507>
			<i>28</i>
			<j>73</j>
			<k>56</k>
		</value507>
		<value508>
			<i>34</i>
			<j>76</j>
			<k>56</k>
		</value508>
		<value509>
			<i>32</i>
			<j>80</j>
			<k>56</k>
		</value509>
		<value510>
			<i>35</i>
			<j>31</j>
			<k>56</k>
		</value510>
		<value511>
			<i>36</i>
			<j>34</j>
			<k>56</k>
		</value511>
		<value512>
			<i>38</i>
			<j>31</j>
			<k>56</k>
		</value512>
		<value513>
			<i>39</i>
			<j>38</j>
			<k>56</k>
		</value513>
		<value514>
			<i>38</i>
			<j>79</j>
			<k>56</k>
		</value514>
		<value515>
			<i>45</i>
			<j>38</j>
			<k>56</k>
		</value515>
		<value516>
			<i>45</i>
			<j>45</j>
			<k>56</k>
		</value516>
		<value517>
			<i>46</i>
			<j>59</j>
			<k>56</k>
		</value517>
		<value518>
			<i>47</i>
			<j>69</j>
			<k>56</k>
		</value518>
		<value519>
			<i>51</i>
			<j>72</j>
			<k>56</k>
		</value519>
		<value520>
			<i>17</i>
			<j>33</j>
			<k>58</k>
		</value520>
		<value521>
			<i>20</i>
			<j>32</j>
			<k>58</k>
		</value521>
		<value522>
			<i>14</i>
			<j>35</j>
			<k>58</k>
		</value522>
		<value523>
			<i>15</i>
			<j>38</j>
			<k>58</k>
		</value523>
		<value524>
			<i>16</i>
			<j>41</j>
			<k>58</k>
		</value524>
		<value525>
			<i>17</i>
			<j>44</j>
			<k>58</k>
		</value525>
		<value526>
			<i>18</i>
			<j>47</j>
			<k>58</k>
		</value526>
		<value527>
			<i>23</i>
			<j>31</j>
			<k>58</k>
		</value527>
		<value528>
			<i>22</i>
			<j>50</j>
			<k>58</k>
		</value528>
		<value529>
			<i>24</i>
			<j>53</j>
			<k>58</k>
		</value529>
		<value530>
			<i>25</i>
			<j>58</j>
			<k>58</k>
		</value530>
		<value531>
			<i>26</i>
			<j>61</j>
			<k>58</k>
		</value531>
		<value532>
			<i>28</i>
			<j>29</j>
			<k>58</k>
		</value532>
		<value533>
			<i>31</i>
			<j>28</j>
			<k>58</k>
		</value533>
		<value534>
			<i>28</i>
			<j>64</j>
			<k>58</k>
		</value534>
		<value535>
			<i>28</i>
			<j>67</j>
			<k>58</k>
		</value535>
		<value536>
			<i>30</i>
			<j>70</j>
			<k>58</k>
		</value536>
		<value537>
			<i>31</i>
			<j>73</j>
			<k>58</k>
		</value537>
		<value538>
			<i>31</i>
			<j>81</j>
			<k>58</k>
		</value538>
		<value539>
			<i>38</i>
			<j>26</j>
			<k>58</k>
		</value539>
		<value540>
			<i>40</i>
			<j>57</j>
			<k>58</k>
		</value540>
		<value541>
			<i>38</i>
			<j>80</j>
			<k>58</k>
		</value541>
		<value542>
			<i>47</i>
			<j>37</j>
			<k>58</k>
		</value542>
		<value543>
			<i>45</i>
			<j>52</j>
			<k>58</k>
		</value543>
		<value544>
			<i>42</i>
			<j>60</j>
			<k>58</k>
		</value544>
		<value545>
			<i>45</i>
			<j>78</j>
			<k>58</k>
		</value545>
		<value546>
			<i>50</i>
			<j>45</j>
			<k>58</k>
		</value546>
		<value547>
			<i>50</i>
			<j>59</j>
			<k>58</k>
		</value547>
		<value548>
			<i>52</i>
			<j>66</j>
			<k>58</k>
		</value548>
		<value549>
			<i>53</i>
			<j>74</j>
			<k>58</k>
		</value549>
		<value550>
			<i>25</i>
			<j>52</j>
			<k>60</k>
		</value550>
		<value551>
			<i>31</i>
			<j>45</j>
			<k>60</k>
		</value551>
		<value552>
			<i>30</i>
			<j>66</j>
			<k>60</k>
		</value552>
		<value553>
			<i>37</i>
			<j>52</j>
			<k>60</k>
		</value553>
		<value554>
			<i>40</i>
			<j>59</j>
			<k>60</k>
		</value554>
		<value555>
			<i>43</i>
			<j>67</j>
			<k>60</k>
		</value555>
		<value556>
			<i>25</i>
			<j>47</j>
			<k>62</k>
		</value556>
		<value557>
			<i>31</i>
			<j>46</j>
			<k>62</k>
		</value557>
		<value558>
			<i>31</i>
			<j>52</j>
			<k>62</k>
		</value558>
		<value559>
			<i>31</i>
			<j>59</j>
			<k>62</k>
		</value559>
		<value560>
			<i>37</i>
			<j>66</j>
			<k>62</k>
		</value560>
		<value561>
			<i>43</i>
			<j>70</j>
			<k>62</k>
		</value561>
		<value562>
			<i>18</i>
			<j>48</j>
			<k>64</k>
		</value562>
		<value563>
			<i>24</i>
			<j>38</j>
			<k>64</k>
		</value563>
		<value564>
			<i>22</i>
			<j>52</j>
			<k>64</k>
		</value564>
		<value565>
			<i>27</i>
			<j>58</j>
			<k>64</k>
		</value565>
		<value566>
			<i>26</i>
			<j>65</j>
			<k>64</k>
		</value566>
		<value567>
			<i>31</i>
			<j>38</j>
			<k>64</k>
		</value567>
		<value568>
			<i>30</i>
			<j>73</j>
			<k>64</k>
		</value568>
		<value569>
			<i>33</i>
			<j>75</j>
			<k>64</k>
		</value569>
		<value570>
			<i>38</i>
			<j>44</j>
			<k>64</k>
		</value570>
		<value571>
			<i>40</i>
			<j>52</j>
			<k>64</k>
		</value571>
		<value572>
			<i>44</i>
			<j>59</j>
			<k>64</k>
		</value572>
		<value573>
			<i>46</i>
			<j>66</j>
			<k>64</k>
		</value573>
		<value574>
			<i>16</i>
			<j>38</j>
			<k>66</k>
		</value574>
		<value575>
			<i>24</i>
			<j>32</j>
			<k>66</k>
		</value575>
		<value576>
			<i>24</i>
			<j>46</j>
			<k>66</k>
		</value576>
		<value577>
			<i>24</i>
			<j>52</j>
			<k>66</k>
		</value577>
		<value578>
			<i>32</i>
			<j>30</j>
			<k>66</k>
		</value578>
		<value579>
			<i>31</i>
			<j>45</j>
			<k>66</k>
		</value579>
		<value580>
			<i>31</i>
			<j>52</j>
			<k>66</k>
		</value580>
		<value581>
			<i>31</i>
			<j>59</j>
			<k>66</k>
		</value581>
		<value582>
			<i>31</i>
			<j>66</j>
			<k>66</k>
		</value582>
		<value583>
			<i>32</i>
			<j>73</j>
			<k>66</k>
		</value583>
		<value584>
			<i>36</i>
			<j>38</j>
			<k>66</k>
		</value584>
		<value585>
			<i>38</i>
			<j>52</j>
			<k>66</k>
		</value585>
		<value586>
			<i>38</i>
			<j>59</j>
			<k>66</k>
		</value586>
		<value587>
			<i>38</i>
			<j>66</j>
			<k>66</k>
		</value587>
		<value588>
			<i>16</i>
			<j>38</j>
			<k>68</k>
		</value588>
		<value589>
			<i>18</i>
			<j>45</j>
			<k>68</k>
		</value589>
		<value590>
			<i>24</i>
			<j>32</j>
			<k>68</k>
		</value590>
		<value591>
			<i>24</i>
			<j>46</j>
			<k>68</k>
		</value591>
		<value592>
			<i>32</i>
			<j>30</j>
			<k>68</k>
		</value592>
		<value593>
			<i>31</i>
			<j>43</j>
			<k>68</k>
		</value593>
		<value594>
			<i>36</i>
			<j>38</j>
			<k>68</k>
		</value594>
	</ProbeList>
	<ProbeMinHeightAboveGround>0.75</ProbeMinHeightAboveGround>
	<ProbeMaxHeightAboveGround>1.75</ProbeMaxHeightAboveGround>
	<ProbeRadius>-1</ProbeRadius>
	<ProbeSignal>Equalized</ProbeSignal>
	<ProbeVolumeTypeStr>Point</ProbeVolumeTypeStr>
	<RectDecompMaximizeAccuracy>false</RectDecompMaximizeAccuracy>
	<RectDecompMethod>Octree</RectDecompMethod>
	<SceneScale>1</SceneScale>
	<ShouldComputeDirectivity>true</ShouldComputeDirectivity>
	<SimRegion>
		<Bounds>
			<MaxCorner>
				<X>45</X>
				<Y>45</Y>
				<Z>20</Z>
			</MaxCorner>
			<MinCorner>
				<X>-45</X>
				<Y>-45</Y>
				<Z>-10</Z>
			</MinCorner>
		</Bounds>
	</SimRegion>
	<SourceConfigFileName></SourceConfigFileName>
	<SpeedOfSound>340</SpeedOfSound>
	<UnitAdjustment>1</UnitAdjustment>
	<UseFiniteDifference>false</UseFiniteDifference>
	<VoxelData>
		<Binary_Data_File>Acoustics_SampleScene.vox</Binary_Data_File>
		<Bounding_Box>
			<MaxCorner>
				<X>9.3314342498779297</X>
				<Y>8.9081172943115234</Y>
				<Z>8.529998779296875</Z>
			</MaxCorner>
			<MinCorner>
				<X>-26.135818481445312</X>
				<Y>-37.538311004638672</Y>
				<Z>-25.114601135253906</Z>
			</MinCorner>
		</Bounding_Box>
		<Cell_Size>0.50999999046325684</Cell_Size>
		<Input_Geometry>Unknown</Input_Geometry>
		<Voxelization_Bounding_Box>
			<MaxCorner>
				<X>9.3314342498779297</X>
				<Y>8.9081172943115234</Y>
				<Z>10.789998769760132</Z>
			</MaxCorner>
			<MinCorner>
				<X>-26.135818481445312</X>
				<Y>-37.538311004638672</Y>
				<Z>-25.114601135253906</Z>
			</MinCorner>
		</Voxelization_Bounding_Box>
		<X_Resolution>71</X_Resolution>
		<Y_Resolution>93</Y_Resolution>
		<Z_Resolution>72</Z_Resolution>
	</VoxelData>
	<PreappliedTransform>
		<value0>
			<value0>1</value0>
			<value1>0</value1>
			<value2>0</value2>
			<value3>0</value3>
		</value0>
		<value1>
			<value0>0</value0>
			<value1>1</value1>
			<value2>0</value2>
			<value3>0</value3>
		</value1>
		<value2>
			<value0>0</value0>
			<value1>0</value1>
			<value2>1</value2>
			<value3>0</value3>
		</value2>
		<value3>
			<value0>0</value0>
			<value1>0</value1>
			<value2>0</value2>
			<value3>1</value3>
		</value3>
	</PreappliedTransform>
</SimulationConfig>

